Date,Close,target_next_close,pred_p10,pred_p50,pred_p90
2025-02-07,0.2466129958629608,0.2532660067081451,0.22785954253531768,0.24856115544812885,0.26806658671582173
2025-02-08,0.2532660067081451,0.2492900043725967,0.22690115087513357,0.24611682038080807,0.2660279324645411
2025-02-09,0.2492900043725967,0.2552599906921386,0.23679968288359338,0.2503879272921641,0.25793223908324614
2025-02-10,0.2552599906921386,0.2531220018863678,0.23908143307521512,0.2455807350771521,0.2584294398906005
2025-02-11,0.2531220018863678,0.2641220092773437,0.236931783754828,0.25036868744769897,0.25829880386955223
2025-02-12,0.2641220092773437,0.2624920010566711,0.23675868338497744,0.25788446519585967,0.27031846376779906
2025-02-13,0.2624920010566711,0.271928995847702,0.23723554270293112,0.2560589351409392,0.26267821184066403
2025-02-14,0.271928995847702,0.271723985671997,0.23675868338497744,0.2497710173097263,0.2815323434257703
2025-02-15,0.271723985671997,0.2657400071620941,0.2419970502053893,0.25245377592737817,0.2860853495797864
2025-02-16,0.2657400071620941,0.2581480145454407,0.24134997928720714,0.24802424366634876,0.27958168712652404
2025-02-17,0.2581480145454407,0.2509010136127472,0.24170956070761587,0.24929839555783917,0.2659058307482882
2025-02-18,0.2509010136127472,0.2547680139541626,0.23791971662928663,0.24638936135848857,0.26571447389778313
2025-02-19,0.2547680139541626,0.2548600137233734,0.22945567442236262,0.24190139311442233,0.2671904552638268
2025-02-20,0.2548600137233734,0.2393079996109008,0.22949791371217182,0.24178883730388448,0.26367396370255247
2025-02-21,0.2393079996109008,0.2467229962348938,0.2226143468995056,0.24332023250102644,0.25785741847978993
2025-02-22,0.2467229962348938,0.2430229932069778,0.22199042313657463,0.2362822480269965,0.25431947430527146
2025-02-23,0.2430229932069778,0.2103590071201324,0.22413125648866508,0.23561078676572017,0.25367706839514337
2025-02-24,0.2103590071201324,0.2123890072107315,0.20540082060337891,0.23053664141791058,0.22878867508435397
2025-02-25,0.2123890072107315,0.2055409997701645,0.20729199393204908,0.21051099788097316,0.2198394491453527
2025-02-26,0.2055409997701645,0.2068240046501159,0.1758910887020147,0.19611815783054784,0.21888341215214607
2025-02-27,0.2068240046501159,0.2019630074501037,0.20149936458285903,0.2104402294041067,0.22266561819047087
2025-02-28,0.2019630074501037,0.2065369933843612,0.18317050348374264,0.1962679551961107,0.21473338258953464
2025-03-01,0.2065369933843612,0.2392670065164566,0.19146960009756397,0.21052606318860578,0.21915574914979608
2025-03-02,0.2392670065164566,0.1990759968757629,0.22567984627161491,0.23271273527790917,0.24732988417175705
2025-03-03,0.1990759968757629,0.1991460025310516,0.19311514853130604,0.19734480446778652,0.21473634934307725
2025-03-04,0.1991460025310516,0.2047200053930282,0.20433381292525205,0.1907174742060922,0.20312346615018545
2025-03-05,0.2047200053930282,0.2017270028591156,0.19359582172818365,0.1975747232508265,0.21690897827802494
2025-03-06,0.2017270028591156,0.1979729980230331,0.18507352625045936,0.19657809648476474,0.22102767845338675
2025-03-07,0.1979729980230331,0.1921720057725906,0.18079843658542077,0.1936893340696213,0.21037015395744846
2025-03-08,0.1921720057725906,0.1678030043840408,0.1769621223988511,0.1900349710276822,0.202144591956873
2025-03-09,0.1678030043840408,0.1540600061416626,0.16896583589833442,0.1704167038054802,0.18474636093555938
2025-03-10,0.1540600061416626,0.1641660034656524,0.1511622822324492,0.15920947335301613,0.1882630608734474
2025-03-11,0.1641660034656524,0.1723809987306594,0.14766094504077443,0.16228822028444095,0.17664833410052014
2025-03-12,0.1723809987306594,0.1650650054216385,0.15775301852258283,0.1707648227028574,0.1826215933687084
2025-03-13,0.1650650054216385,0.1717990040779113,0.15754245859494515,0.1660540939774215,0.17876006626783605
2025-03-14,0.1717990040779113,0.1760679930448532,0.16047141151337507,0.17035736418105288,0.18228778225942158
2025-03-15,0.1760679930448532,0.1682350039482116,0.16919466130986868,0.17702730903988642,0.18251612836656358
2025-03-16,0.1682350039482116,0.1734649986028671,0.16310475982650696,0.1702622977389608,0.17886921420063254
2025-03-17,0.1734649986028671,0.1680289953947067,0.16247722989347935,0.17519585925232908,0.18611676926288606
2025-03-18,0.1680289953947067,0.1780650019645691,0.15761369742268821,0.1659988877158567,0.1780495185783194
2025-03-19,0.1780650019645691,0.1693509966135025,0.16790652496832115,0.17451831774460852,0.18843216204687968
2025-03-20,0.1693509966135025,0.1670619994401931,0.16378281213018006,0.1702511381270869,0.1831702848803915
2025-03-21,0.1670619994401931,0.1673430055379867,0.15776794735507152,0.16594318275199527,0.176673316745821
2025-03-22,0.1673430055379867,0.1722529977560043,0.15927999639696017,0.16955341323612194,0.1736084401822821
2025-03-23,0.1722529977560043,0.1828889995813369,0.16117706516861738,0.17348545955498224,0.18556240789361275
2025-03-24,0.1828889995813369,0.1909099966287613,0.16759225576605633,0.17920915938499132,0.19768534252786682
2025-03-25,0.1909099966287613,0.1947979927062988,0.17414738426811566,0.19129920269931466,0.2019015678638518
2025-03-26,0.1947979927062988,0.1904949992895126,0.180664770444791,0.1935460558655461,0.20119669553668815
2025-03-27,0.1904949992895126,0.1801899969577789,0.1722055803565766,0.18982306851896974,0.20004223201536456
2025-03-28,0.1801899969577789,0.1695650070905685,0.1685435551965126,0.17971054156742336,0.18713020409576492
2025-03-29,0.1695650070905685,0.1663189977407455,0.16308799735910215,0.17015235863449485,0.18072459389070222
2025-03-30,0.1663189977407455,0.166714996099472,0.15846585589354117,0.16592696304157148,0.17283708447355742
2025-03-31,0.166714996099472,0.1740860044956207,0.15333751224943784,0.16046578764750313,0.17019311862683537
2025-04-01,0.1740860044956207,0.1641950011253357,0.16278186914966067,0.17324883727132717,0.18241891002689886
2025-04-02,0.1641950011253357,0.1620599925518036,0.15545124371561014,0.16649071307590438,0.17946610559146722
2025-04-03,0.1620599925518036,0.171097993850708,0.15064396805486688,0.15947589801618373,0.16971269035578324
2025-04-04,0.171097993850708,0.1690270006656646,0.1521146010744712,0.16946982935486948,0.1830124309534171
2025-04-05,0.1690270006656646,0.1488450020551681,0.16375271441773964,0.1690178655448509,0.173247089316897
2025-04-06,0.1488450020551681,0.149520993232727,0.1430285932600557,0.15372794514493476,0.16795933937524485
2025-04-07,0.149520993232727,0.1421069949865341,0.14240434340428265,0.14921861069883277,0.1648754614748068
2025-04-08,0.1421069949865341,0.1603710055351257,0.13634882721673403,0.13909945144181948,0.15692479171835386
2025-04-09,0.1603710055351257,0.153666004538536,0.14761312523207443,0.15640872422970026,0.1720885097841097
2025-04-10,0.153666004538536,0.1600890010595321,0.14733544392000308,0.1511760656794902,0.16780590600068918
2025-04-11,0.1600890010595321,0.1676110029220581,0.14970861385745918,0.1574844971690593,0.1699199898503394
2025-04-12,0.1676110029220581,0.1627919971942901,0.1514139246450084,0.16638964236866227,0.17100756264959951
2025-04-13,0.1627919971942901,0.158500999212265,0.15296507244403318,0.16026163729936227,0.17017329782616522
2025-04-14,0.158500999212265,0.1535499989986419,0.1499835286638187,0.15647400499289668,0.16949540846693226
2025-04-15,0.1535499989986419,0.1546880006790161,0.14524901647937258,0.15085726106974243,0.1679637444084966
2025-04-16,0.1546880006790161,0.1557399928569793,0.14564804772895293,0.15152957550230947,0.1698285571895559
2025-04-17,0.1557399928569793,0.1576160043478012,0.14565021143750395,0.1536863855972933,0.1700927670605234
2025-04-18,0.1576160043478012,0.1573330014944076,0.1436323223152933,0.1549579679075129,0.17037258423088014
2025-04-19,0.1573330014944076,0.1551840007305145,0.14356536230834102,0.15404701411119728,0.1693741683581336
2025-04-20,0.1551840007305145,0.15938800573349,0.14446668531092652,0.1499228852646825,0.1729269842677151
2025-04-21,0.15938800573349,0.1786479949951172,0.14891259688036143,0.15702321275185363,0.17046009819858646
2025-04-22,0.1786479949951172,0.1786050051450729,0.15722362874048218,0.16983892440682968,0.1881784619040719
2025-04-23,0.1786050051450729,0.1824570000171661,0.16925866360423084,0.1760355201595233,0.18733021984400605
2025-04-24,0.1824570000171661,0.1818300038576126,0.16631187812146658,0.17867697946529643,0.19757303620905564
2025-04-25,0.1818300038576126,0.181889995932579,0.16631187812146658,0.17846884485996906,0.1874413392996114
2025-04-26,0.181889995932579,0.1796720027923584,0.16890654450653741,0.17954843408018092,0.18715564507221877
2025-04-27,0.1796720027923584,0.1789519935846328,0.16709669305583902,0.17801729853371495,0.18674337543305103
2025-04-28,0.1789519935846328,0.1746360063552856,0.16735268135142875,0.17618352485101832,0.18694322116687268
2025-04-29,0.1746360063552856,0.1723400056362152,0.16056479634224174,0.17496655902617272,0.1867601458725895
2025-04-30,0.1723400056362152,0.180758997797966,0.15952844982091777,0.17226226785352663,0.18110686864417677
2025-05-01,0.180758997797966,0.1815769970417022,0.16631187812146658,0.17957925311318607,0.18836120086940844
2025-05-02,0.1815769970417022,0.1757570058107376,0.16925866360423084,0.179530915302569,0.18754964527329498
2025-05-03,0.1757570058107376,0.1705520004034042,0.1650408375952227,0.17543340210629213,0.18696945218351957
2025-05-04,0.1705520004034042,0.1706040054559707,0.15943683247838472,0.17524044246064074,0.18110686864417677
2025-05-05,0.1706040054559707,0.1721159964799881,0.15989958605455973,0.17172406891851094,0.18110686864417677
2025-05-06,0.1721159964799881,0.1720069944858551,0.15663548562589352,0.16935139215399841,0.1829018954249124
2025-05-07,0.1720069944858551,0.1975769996643066,0.1598846407695973,0.17202773734808938,0.18209448856219868
2025-05-08,0.1975769996643066,0.2052900046110153,0.16991101027702146,0.1903591117032427,0.2014662988403453
2025-05-09,0.2052900046110153,0.2486889958381652,0.18070241921449826,0.19669673108253416,0.21957984349755688
2025-05-10,0.2486889958381652,0.2315080016851425,0.21585926843123585,0.2414330946316059,0.26990034784046185
2025-05-11,0.2315080016851425,0.231002002954483,0.2186007390140825,0.24948308773137093,0.2650092193428476
2025-05-12,0.231002002954483,0.2412150055170059,0.22826787247545993,0.24072582825000516,0.2528068423210753
2025-05-13,0.2412150055170059,0.2328079938888549,0.226153739348691,0.2405312401956889,0.24903299010106858
2025-05-14,0.2328079938888549,0.2191890031099319,0.22265302788433333,0.23949987796671238,0.24880603220892752
2025-05-15,0.2191890031099319,0.2212869971990585,0.20042763869115687,0.21795111414135182,0.23792660003258895
2025-05-16,0.2212869971990585,0.2146980017423629,0.20020904396080647,0.2188219182353005,0.23864681109675845
2025-05-17,0.2146980017423629,0.2341810017824173,0.20014004716580547,0.20952366821130095,0.22190169770836743
2025-05-18,0.2341810017824173,0.2244209945201873,0.2209794738995356,0.2217023008226946,0.24160302665877773
2025-05-19,0.2244209945201873,0.2261260002851486,0.20342937180823037,0.21879907660523032,0.2380676148841246
2025-05-20,0.2261260002851486,0.234057992696762,0.22097731019098457,0.22097904920694714,0.2391585584695712
2025-05-21,0.234057992696762,0.2450280040502548,0.22089268471671905,0.22122450401290536,0.2515499728597252
2025-05-22,0.2450280040502548,0.2248139977455139,0.22363431120003568,0.23946917172953117,0.24708010181374424
2025-05-23,0.2248139977455139,0.2252970039844513,0.2091271846139289,0.24114094745294232,0.2562908017122153
2025-05-24,0.2252970039844513,0.2249840050935745,0.23868312507146794,0.221561691823507,0.2381477958547462
2025-05-25,0.2249840050935745,0.2260250002145767,0.22186136758083813,0.22166564987492213,0.23795724453010716
2025-05-26,0.2260250002145767,0.2261639982461929,0.22190849841192614,0.2213581588886348,0.23833208832691039
2025-05-27,0.2261639982461929,0.220781996846199,0.2218493208264078,0.22149950598269696,0.23800857329893918
2025-05-28,0.220781996846199,0.2148330062627792,0.2013959893838023,0.21850283191235145,0.23795724453010716
2025-05-29,0.2148330062627792,0.1934359967708587,0.20040926573732934,0.21295370536962602,0.22203382170728228
2025-05-30,0.1934359967708587,0.1925790011882782,0.1849777948315678,0.19339845306302247,0.2147531314217951
2025-05-31,0.1925790011882782,0.1936320066452026,0.18129470588876853,0.19026393625128374,0.20250905704534775
2025-06-01,0.1936320066452026,0.1953900009393692,0.17475471569752507,0.1902299046280455,0.20291273758603637
2025-06-02,0.1953900009393692,0.1931380033493042,0.17298571055449125,0.190259327106878,0.20348486207687755
2025-06-03,0.1931380033493042,0.1882359981536865,0.172547614313897,0.18984704383581893,0.20238673106164604
2025-06-04,0.1882359981536865,0.1716279983520507,0.1668667469568085,0.18265937939055407,0.1967067534946761
2025-06-05,0.1716279983520507,0.1789730042219162,0.16302347877880324,0.17329793417840914,0.18804008347806092
2025-06-06,0.1789730042219162,0.1851679980754852,0.16338716797488934,0.17807663213583272,0.18890146238224492
2025-06-07,0.1851679980754852,0.1841730028390884,0.17081275052904915,0.1835952930237822,0.19834208511296453
2025-06-08,0.1841730028390884,0.1949329972267151,0.17087971053600143,0.17934850631351254,0.19777782286881576
2025-06-09,0.1949329972267151,0.1982820034027099,0.17213631780805336,0.19061897773967992,0.202034742559973
2025-06-10,0.1982820034027099,0.193011000752449,0.1744369072125133,0.1912627132593218,0.20197571665979727
2025-06-11,0.193011000752449,0.181547999382019,0.17610820282174394,0.19286685659436995,0.2022653449955453
2025-06-12,0.181547999382019,0.1803800016641616,0.16713051658636144,0.17962671333964944,0.18823449665737566
2025-06-13,0.1803800016641616,0.1784670054912567,0.1683403396640368,0.18003365705771873,0.18754853842689326
2025-06-14,0.1784670054912567,0.1756689995527267,0.16691164619743395,0.17658809854146107,0.18753586912149287
2025-06-15,0.1756689995527267,0.1726980060338974,0.16616815554576636,0.17671391073165854,0.18792486986271204
2025-06-16,0.1726980060338974,0.1696680039167404,0.1605508896732534,0.1763753722456756,0.1877398952773984
2025-06-17,0.1696680039167404,0.170632004737854,0.15723913711736032,0.16715964586998874,0.17551670235481948
2025-06-18,0.170632004737854,0.1709630042314529,0.15838542725079885,0.16961809218469145,0.18179108351467826
2025-06-19,0.1709630042314529,0.1624750047922134,0.1611101051616651,0.1718408666977643,0.1822690759990944
2025-06-20,0.1624750047922134,0.1541689932346344,0.14994315761987878,0.16543423251362535,0.1731926564493593
2025-06-21,0.1541689932346344,0.1513220071792602,0.1455294185437053,0.1507417904895202,0.16906205846895617
2025-06-22,0.1513220071792602,0.1643629968166351,0.1448365653402943,0.15128947787346106,0.16795933937524485
2025-06-23,0.1643629968166351,0.1657309979200363,0.1505340711648233,0.16108129969533325,0.1710332052943857
2025-06-24,0.1657309979200363,0.1645780056715011,0.15310218899585287,0.16129526163826766,0.17086917146859237
2025-06-25,0.1645780056715011,0.1599860042333603,0.15777052834220912,0.15973739469784118,0.1698574941643725
2025-06-26,0.1599860042333603,0.1610680073499679,0.14989166897328565,0.15712881251463198,0.16926968614705934
2025-06-27,0.1610680073499679,0.1636919975280761,0.1483960067005105,0.1606923735587481,0.17045986607003574
2025-06-28,0.1636919975280761,0.1696020066738128,0.14975632197894875,0.16064497115578663,0.17072567993766025
2025-06-29,0.1696020066738128,0.1651359945535659,0.157848903263531,0.16676312194487655,0.17263119621828174
2025-06-30,0.1651359945535659,0.1577509939670562,0.15738831339590698,0.16548301687925407,0.17014765854316746
2025-07-01,0.1577509939670562,0.168720006942749,0.1452356753296076,0.1537741318829478,0.16936370770138073
2025-07-02,0.168720006942749,0.1720339953899383,0.15168894014349862,0.16661466064553024,0.17437409058103562
2025-07-03,0.1720339953899383,0.1628710031509399,0.163410694566125,0.17390215777566806,0.18204047770751
2025-07-04,0.1628710031509399,0.1642719954252243,0.1498110551810806,0.164606780222772,0.17302722415943592
2025-07-05,0.1642719954252243,0.1719859987497329,0.1493574435597891,0.15971149440607718,0.1705953118353589
2025-07-06,0.1719859987497329,0.1679659932851791,0.15653528297280372,0.16925518162828518,0.1820737327916501
2025-07-07,0.1679659932851791,0.1709890067577362,0.1591535305067215,0.16627743995930852,0.17317500440289935
2025-07-08,0.1709890067577362,0.180755004286766,0.15989958605455973,0.1719665190357046,0.18183519865214406
2025-07-09,0.180755004286766,0.1947930008172989,0.16631187812146658,0.17944709039144768,0.1883576473966029
2025-07-10,0.1947930008172989,0.2011879980564117,0.17286700662352594,0.18975331263308934,0.20123605468180406
2025-07-11,0.2011879980564117,0.1973280012607574,0.18197351832056488,0.19630959074657914,0.21815032543769244
2025-07-12,0.1973280012607574,0.1985950022935867,0.17715982483962017,0.19173072138998432,0.20958994088002675
2025-07-13,0.1985950022935867,0.1974309980869293,0.17593610481512992,0.19331116662487458,0.2038280188332338
2025-07-14,0.1974309980869293,0.1991620063781738,0.17759355848545144,0.19276301944865407,0.20840283233110996
2025-07-15,0.1991620063781738,0.2127469927072525,0.17251488752583252,0.18902358208420914,0.2014055996240965
2025-07-16,0.2127469927072525,0.2180279940366745,0.1914690110828945,0.21004613660200191,0.21830772432201723
2025-07-17,0.2180279940366745,0.2361290007829666,0.1954630155140183,0.21622682528624793,0.2390379438284585
2025-07-18,0.2361290007829666,0.2414930015802383,0.22006764172066123,0.23818710475301813,0.2577991229378901
2025-07-19,0.2414930015802383,0.2729290127754211,0.22621037772774455,0.24433836481983165,0.2652729675299056
2025-07-20,0.2729290127754211,0.2717190086841583,0.23761447293861265,0.26920098328416486,0.3011210244990811
2025-07-21,0.2717190086841583,0.2703790068626404,0.2415038026189525,0.2679992471256597,0.29588884959037265
2025-07-22,0.2703790068626404,0.2406489998102188,0.2405117982529715,0.2696891806332793,0.29152886944050443
2025-07-23,0.2406489998102188,0.2319740056991577,0.23318298059524903,0.25077543669048397,0.2675344262294829
2025-07-24,0.2319740056991577,0.2368119955062866,0.22848169137639288,0.2395307220293624,0.2550266974368308
2025-07-25,0.2368119955062866,0.2355140000581741,0.2270044557926336,0.22115742605063968,0.2489569609826961
2025-07-26,0.2355140000581741,0.2408030033111572,0.2232692925217348,0.2212943212805324,0.23984630177838395
2025-07-27,0.2408030033111572,0.2252259999513626,0.22156208998757515,0.23946236311144273,0.24758157767256153
2025-07-28,0.2252259999513626,0.2237929999828338,0.22091939217494663,0.23899330906911231,0.24701579141887825
2025-07-29,0.2237929999828338,0.2198999971151352,0.20029153951296058,0.21861421717514945,0.23782995409230273
2025-07-30,0.2198999971151352,0.2098730057477951,0.20058235119550188,0.21928840364594557,0.23861863328223873
2025-07-31,0.2098730057477951,0.2012159973382949,0.2007679379379544,0.21257158706272053,0.22216209253775285
2025-08-01,0.2012159973382949,0.1912139952182769,0.19010923182232184,0.19596949755064658,0.21774199810743938
2025-08-02,0.1912139952182769,0.198863998055458,0.18565524970284167,0.19300328753516796,0.20266616461970371
2025-08-03,0.198863998055458,0.2104129940271377,0.16978800728647503,0.19051539937638767,0.2034531196188216
2025-08-04,0.2104129940271377,0.1997389942407608,0.19495291942048565,0.21051484929248815,0.22273885140131233
2025-08-05,0.1997389942407608,0.2052550017833709,0.18364532254769556,0.19325870511999227,0.21076921116365943
2025-08-06,0.2052550017833709,0.2223899960517883,0.18251775949941382,0.19634302043726443,0.21701795732580845
2025-08-07,0.2223899960517883,0.2302139997482299,0.20050175833084968,0.2162701363579785,0.24054596098957412
2025-08-08,0.2302139997482299,0.2403250038623809,0.22410370397063123,0.22213127233042165,0.23900542769130934
2025-08-09,0.2403250038623809,0.2340990006923675,0.22217130601910215,0.2391010795803772,0.24727025934059638
2025-08-10,0.2340990006923675,0.2225500047206878,0.22451894982070186,0.2392219019415786,0.24562488959067172
2025-08-11,0.2225500047206878,0.2356660068035125,0.1994065421518789,0.21804249406601364,0.23790144479946249
2025-08-12,0.2356660068035125,0.2452020049095153,0.22060659123592918,0.22146903174863491,0.2390319228477332
2025-08-13,0.2452020049095153,0.2238930016756057,0.22609522978969232,0.23953346707638343,0.24824794405011252
2025-08-14,0.2238930016756057,0.2286130040884018,0.20373340681584276,0.2408233232795789,0.25640947002048725
2025-08-15,0.2286130040884018,0.2312459945678711,0.22089339451863235,0.22155906361513042,0.23842140692000002
2025-08-16,0.2312459945678711,0.2345650047063827,0.22091869338274422,0.22157733568095944,0.2384934510019022
2025-08-17,0.2345650047063827,0.2224249988794326,0.2209856533896965,0.23933329564263975,0.24530776936682014
2025-08-18,0.2224249988794326,0.2090480029582977,0.19939313429152208,0.2182079128809344,0.2381875869687127
2025-08-19,0.2090480029582977,0.221450001001358,0.2006379523286384,0.2126315455803063,0.2218042126500114
2025-08-20,0.221450001001358,0.2147489935159683,0.20049172650012093,0.21613714031254586,0.2391258674314716
2025-08-21,0.2147489935159683,0.2405900061130523,0.20325343476089222,0.21102392706646858,0.22270266950150458
2025-08-22,0.2405900061130523,0.2360090017318725,0.22215701417909947,0.23222543360783676,0.2476544880988987
2025-08-23,0.2360090017318725,0.231797993183136,0.22487296886608601,0.22143344047755284,0.23805005185132255
2025-08-24,0.231797993183136,0.2098239958286285,0.22199314339027404,0.23877929269413253,0.24503095351250131
2025-08-25,0.2098239958286285,0.2184650003910064,0.2003936378806071,0.2125565294443325,0.22276948163196017
2025-08-26,0.2184650003910064,0.2189189940690994,0.201384253612026,0.2160201963532287,0.23929931412574149
2025-08-27,0.2189189940690994,0.2243400067090988,0.2026600599970684,0.21590226584082076,0.2381560068099629
2025-08-28,0.2243400067090988,0.2140350043773651,0.2009678969102332,0.21869197636823978,0.23878775889075596
2025-08-29,0.2140350043773651,0.2159799933433532,0.201880681919117,0.21261539160568976,0.22231636288246193
2025-08-30,0.2159799933433532,0.2138150036334991,0.20149940155007823,0.21015341089633185,0.22286223904552244
2025-08-31,0.2138150036334991,0.2102539986371994,0.20150156525862925,0.20989293177871107,0.22224719764717366
2025-09-01,0.2102539986371994,0.214818000793457,0.20271230208693417,0.21078644739570623,0.222506832902083
2025-09-02,0.214818000793457,0.2205599993467331,0.20327156301515506,0.21019133456091393,0.22289513046841603
2025-09-03,0.2205599993467331,0.2124769985675811,0.20296780406705195,0.2160622910516828,0.23902181045398863
2025-09-04,0.2124769985675811,0.2179040014743805,0.20226417625232707,0.20973671811565,0.22212581158107292
2025-09-05,0.2179040014743805,0.2158859968185424,0.20405492267086361,0.21604930376988882,0.23901999187609038
2025-09-06,0.2158859968185424,0.2284429967403412,0.2041354613007365,0.21000372282988652,0.2219891602852351
2025-09-07,0.2284429967403412,0.2418809980154037,0.2219283275877904,0.2213967705933369,0.23878320457141786
2025-09-08,0.2418809980154037,0.240689992904663,0.22621037772774455,0.23974799226294155,0.24574419155604957
2025-09-09,0.240689992904663,0.2453950047492981,0.22626163263908003,0.23955411904351265,0.2486902480752139
2025-09-10,0.2453950047492981,0.2556580007076263,0.2232635922449803,0.23947155631301467,0.24920195323456143
2025-09-11,0.2556580007076263,0.2754279971122741,0.2313380806029917,0.2444757374916389,0.2584417505754437
2025-09-12,0.2754279971122741,0.289463996887207,0.23228462467421226,0.26927909227883484,0.28953270240187484
2025-09-13,0.289463996887207,0.2785899937152862,0.25996029225606426,0.27832420604320846,0.3049301346835067
2025-09-14,0.2785899937152862,0.2686299979686737,0.26341194942951235,0.27824209486769763,0.2961982081171196
2025-09-15,0.2686299979686737,0.269771009683609,0.24429824721537907,0.2693659467825826,0.2908970354698908
2025-09-16,0.269771009683609,0.2824639976024627,0.24661242336541628,0.26767989996894925,0.2918942411376591
2025-09-17,0.2824639976024627,0.278779000043869,0.24668154708091958,0.2697264522526944,0.2948615679651567
2025-09-18,0.278779000043869,0.2653869986534118,0.24925719633004184,0.2694584010498056,0.2922229975394496
2025-09-19,0.2653869986534118,0.267749011516571,0.2461539972063433,0.26935773488312886,0.2799683568355616
2025-09-20,0.267749011516571,0.2611590027809143,0.24661242336541628,0.26766061726088497,0.28591354971175714
2025-09-21,0.2611590027809143,0.2413160055875778,0.23850991344817998,0.258115371385704,0.26926277699556583
2025-09-22,0.2413160055875778,0.2373879998922348,0.23649444342546075,0.2481629567124328,0.26584938148896153
2025-09-23,0.2373879998922348,0.2412440031766891,0.2320812188263565,0.2389280345365068,0.2516359177801504
2025-09-24,0.2412440031766891,0.2227060049772262,0.23114632232847507,0.2394421533418275,0.2533435243038726
2025-09-25,0.2227060049772262,0.2326290011405944,0.20393178555748248,0.22898655230413484,0.24480030293867905
2025-09-26,0.2326290011405944,0.2308360040187835,0.22503371169129852,0.22142432109019244,0.23871264997596883
2025-09-27,0.2308360040187835,0.2373879998922348,0.2283124284967421,0.22102624850517183,0.23803567054726413
2025-09-28,0.2373879998922348,0.23505699634552,0.22531745508287787,0.22129298526998634,0.23864278134925113
2025-09-29,0.23505699634552,0.2329050004482269,0.22520811330225451,0.2216023076398058,0.23851926630552422
2025-09-30,0.2329050004482269,0.2483649998903274,0.22520811330225451,0.22110437708172018,0.2380471832006384
2025-10-01,0.2483649998903274,0.2619369924068451,0.22954384061546004,0.2393923998887185,0.24835175111351626
2025-10-02,0.2619369924068451,0.2586030066013336,0.23477913149490395,0.25695818197502635,0.259507702665122
2025-10-03,0.2586030066013336,0.250916987657547,0.2368133189441532,0.25105086043928787,0.25662436376675984
2025-10-04,0.250916987657547,0.2529540061950683,0.23789908767350693,0.2484310695234137,0.25649211787744763
2025-10-05,0.2529540061950683,0.2663129866123199,0.23835967754113094,0.24908763607825724,0.2632258609907456
2025-10-06,0.2663129866123199,0.2473160028457641,0.23955316437964078,0.2646676457543895,0.27642932769829875
2025-10-07,0.2473160028457641,0.2555629909038543,0.23735720426584547,0.2507595236995836,0.25666251031428355
2025-10-08,0.2555629909038543,0.2485630065202713,0.23843809973301142,0.24637012663369204,0.25801568669593805
2025-10-09,0.2485630065202713,0.1931550055742263,0.23735361333555338,0.24638082875815293,0.26467062629524385
2025-10-10,0.1931550055742263,0.1854429990053177,0.18047180433446414,0.2125748981109176,0.23142924305554644
2025-10-11,0.1854429990053177,0.2077949941158294,0.2087417656199667,0.18416326475206052,0.20773494015162078
2025-10-12,0.2077949941158294,0.2139910012483596,0.20951950761045957,0.21033184237372543,0.22247403785772715
2025-10-13,0.2139910012483596,0.2045319974422454,0.20725912990450335,0.21069902401283355,0.22629900448111048
2025-10-14,0.2045319974422454,0.1963270008563995,0.1927676587833343,0.19591790471618287,0.22404660016914876
2025-10-15,0.1963270008563995,0.1883669942617416,0.192392509971554,0.193028802617828,0.21385333614729565
2025-10-16,0.1883669942617416,0.1848420053720474,0.18097871071891142,0.19003497652511758,0.2036186184635744
2025-10-17,0.1848420053720474,0.1895990073680877,0.17903365510298028,0.18107338847526283,0.20044544089405467
2025-10-18,0.1895990073680877,0.1953230053186416,0.17748967227342738,0.19070016972263792,0.20147425255421272
2025-10-19,0.1953230053186416,0.2001139968633651,0.1776048202114796,0.19046072044347012,0.2018721257011965
2025-10-20,0.2001139968633651,0.1943890005350113,0.18040974977393295,0.19333151091284695,0.20317368606076391
2025-10-21,0.1943890005350113,0.1900019943714141,0.18216037097817164,0.1932675928853132,0.20226453944642916
2025-10-22,0.1900019943714141,0.1948439925909042,0.17710412655869606,0.19046567616282334,0.19811548017216027
2025-10-23,0.1948439925909042,0.1976979970932006,0.17753786020452733,0.1907085983982347,0.20175231705244848
2025-10-24,0.1976979970932006,0.1965910047292709,0.17486302771103862,0.18892484558975506,0.2067987862060985
2025-10-25,0.1965910047292709,0.2056699991226196,0.17491784523902876,0.19015858362590016,0.20206732941633712
2025-10-26,0.2056699991226196,0.2003819942474365,0.18273678125240786,0.19660323451713024,0.2158246922994641
2025-10-27,0.2003819942474365,0.1937569975852966,0.1852769114634657,0.19626498320538763,0.2133486554113694
2025-10-28,0.1937569975852966,0.1923899948596954,0.1744029693271652,0.18997227515903026,0.20315343841155128
2025-10-29,0.1923899948596954,0.1827100068330764,0.17487344224066853,0.19062462504549818,0.20185187805198387
2025-10-30,0.1827100068330764,0.1864330023527145,0.1707021863413185,0.18006385362198157,0.19771559994935436
2025-10-31,0.1864330023527145,0.187280997633934,0.1749404022476208,0.18391612333942947,0.19909254310279426
2025-11-01,0.187280997633934,0.1865729987621307,0.17487560594921955,0.18342033086904247,0.19895382904947792
2025-11-02,0.1865729987621307,0.1672430038452148,0.17508804891346483,0.183307063424741,0.198718920570512
2025-11-03,0.1672430038452148,0.1626950055360794,0.16112322632039014,0.16727751909586294,0.17979811977334453
2025-11-04,0.1626950055360794,0.167380005121231,0.1537642814301353,0.16702778888103387,0.17699081974163722
2025-11-05,0.167380005121231,0.1614059954881668,0.154048789879072,0.1615510470578776,0.1712462475447087
2025-11-06,0.1614059954881668,0.1786729991436004,0.15127210985997563,0.1597556881924231,0.1707470736655138
2025-11-07,0.1786729991436004,0.1761820018291473,0.16071573197907085,0.17122976908373927,0.18890249709252876
2025-11-08,0.1761820018291473,0.1792600005865097,0.17146655161088786,0.1764357299630111,0.1878513840291511
2025-11-09,0.1792600005865097,0.1818140000104904,0.16968993810601585,0.17749466788510018,0.1881573308277255
2025-11-10,0.1818140000104904,0.1720249950885772,0.16857877295177892,0.1814938442025595,0.20067847589123436
2025-11-11,0.1720249950885772,0.1700810045003891,0.16157307092927486,0.17632801938391798,0.18705898950760927
2025-11-12,0.1700810045003891,0.1642960011959076,0.16168718677368205,0.172639884255774,0.17480639453598112
2025-11-13,0.1642960011959076,0.1574659943580627,0.15305004521709367,0.1665087339258553,0.17362547754808372
2025-11-14,0.1574659943580627,0.1631370037794113,0.146831544864826,0.1541369851571478,0.17013741968336815
2025-11-15,0.1631370037794113,0.1586609929800033,0.15117153554508034,0.16100928539884604,0.17065675292925708
2025-11-16,0.1586609929800033,0.1518920063972473,0.15127210985997563,0.15704653910536417,0.16960225231475493
2025-11-17,0.1518920063972473,0.1617040038108825,0.14692556826391007,0.1509517194696425,0.16844435921054338
2025-11-18,0.1617040038108825,0.1543249934911728,0.1502194406315977,0.16010912561568705,0.17238700263162246
2025-11-19,0.1543249934911728,0.1490920037031173,0.14791911117791595,0.15158097610544988,0.17017410998868887
2025-11-20,0.1490920037031173,0.1401820033788681,0.14432260848968997,0.147325972023997,0.16844435921054338
2025-11-21,0.1401820033788681,0.1403039991855621,0.13824609980480285,0.14017891174888295,0.15300702856472412
2025-11-22,0.1403039991855621,0.1448310017585754,0.1322828811669976,0.14056193301940664,0.15205605480053774
2025-11-23,0.1448310017585754,0.1517940014600753,0.1341343276264318,0.14697924819612102,0.15928333646218473
2025-11-24,0.1517940014600753,0.1529719978570938,0.13998114320819136,0.15266325395025704,0.1648219748412053
2025-11-25,0.1529719978570938,0.1547780036926269,0.14246867754348064,0.15207819913044526,0.16450440698723032
2025-11-26,0.1547780036926269,0.1526889950037002,0.14063073681684277,0.15092400021089136,0.170161378076851
2025-11-27,0.1526889950037002,0.1502799987792968,0.14244988675659234,0.14984500431480643,0.16787869585140713
2025-11-28,0.1502799987792968,0.1485690027475357,0.14244988675659234,0.14743731734931861,0.16369200389948252
2025-11-29,0.1485690027475357,0.1466690003871917,0.13699932331181602,0.14686762503745796,0.16368822238386602
2025-11-30,0.1466690003871917,0.1355880051851272,0.13746511352890817,0.1472040277938828,0.15839285395766073
2025-12-01,0.1355880051851272,0.1459719985723495,0.13252514317255926,0.13653992210293558,0.1521392950284153
2025-12-02,0.1459719985723495,0.1519439965486526,0.13333539028910368,0.1484446334846458,0.159558582044469
2025-12-03,0.1519439965486526,0.1475030034780502,0.14016165105220432,0.14914359038697952,0.1644341814832264
2025-12-04,0.1475030034780502,0.1396320015192031,0.13547326653784572,0.14734608300217086,0.1584709772548166
2025-12-05,0.1396320015192031,0.1397430002689361,0.13083773176626248,0.13911575929005884,0.1447203014003964
2025-12-06,0.1397430002689361,0.1385760009288787,0.13098081520162952,0.13848643482970383,0.14463706117251884
2025-12-07,0.1385760009288787,0.1425990015268325,0.13063521628531286,0.13665688021554012,0.14482382890580253
2025-12-08,0.1425990015268325,0.1480370014905929,0.1299371869070482,0.13864090297609963,0.15382189178895372
2025-12-09,0.1480370014905929,0.1435150057077407,0.13462740666842904,0.14625031501156785,0.15951262984407372
2025-12-10,0.1435150057077407,0.1403840035200119,0.1297951494144667,0.13840860362013532,0.1529593428429431
2025-12-11,0.1403840035200119,0.1369490027427673,0.1301809386758458,0.13857405751252191,0.15233065187892045
2025-12-12,0.1369490027427673,0.139165997505188,0.12948517595161915,0.13518677337132684,0.15205605480053774
2025-12-13,0.139165997505188,0.1341640055179596,0.12931723084317412,0.13992174072020022,0.1454892303962436
2025-12-14,0.1341640055179596,0.129731997847557,0.1291183648420688,0.1337117160178974,0.14494917106169627
2025-12-15,0.129731997847557,0.131740003824234,0.12438145890825704,0.13393787984259617,0.14140521627449545
2025-12-16,0.131740003824234,0.1261750012636184,0.12843591777244653,0.13394010556398586,0.13798146059975172
2025-12-17,0.1261750012636184,0.1220469996333122,0.12226074428161895,0.12624090409598304,0.14828707503953584
2025-12-18,0.1220469996333122,0.1322139948606491,0.11420833414460037,0.1240908271886405,0.13054863467815306
2025-12-19,0.1322139948606491,0.1319520026445388,0.1252709390447521,0.1342621506683128,0.1369354547088937
2025-12-20,0.1319520026445388,0.1310579925775528,0.1279031944777331,0.13367610883008746,0.1389457805877892
2025-12-21,0.1310579925775528,0.132433995604515,0.12847032774932396,0.13314906804509782,0.13731952998825592
2025-12-22,0.132433995604515,0.1291950047016143,0.1277557014068751,0.13420593910069994,0.14407730926759005
2025-12-23,0.1291950047016143,0.1285180002450943,0.12571506103354427,0.12613574274241865,0.13727548376443327
2025-12-24,0.1285180002450943,0.1235449984669685,0.12276081792072933,0.12609276525520868,0.1335740650781281
2025-12-25,0.1235449984669685,0.1220130026340484,0.11420833414460037,0.12375694316412159,0.13207201926439294
2025-12-26,0.1220130026340484,0.1242239996790885,0.1087424295711918,0.11694101413207185,0.13054863467815306
2025-12-27,0.1242239996790885,0.1238249987363815,0.1087424295711918,0.11784967183273422,0.12749030864577302
2025-12-28,0.1238249987363815,0.1227300018072128,0.1087424295711918,0.11732459972579799,0.12694808875383903
2025-12-29,0.1227300018072128,0.1232760027050972,0.1087424295711918,0.11705763161901618,0.1312666638572135
2025-12-30,0.1232760027050972,0.1172939985990524,0.1087424295711918,0.11766200785526117,0.12729229225369834
2025-12-31,0.1172939985990524,0.1266800016164779,0.10552253516535458,0.11673419129364414,0.12535413886632363
2026-01-01,0.1266800016164779,0.1416729986667633,0.11684431225294425,0.12045911387058794,0.1334858521018082
2026-01-02,0.1416729986667633,0.1430580019950866,0.12418212420265011,0.1378285916287087,0.14668142757041583
2026-01-03,0.1430580019950866,0.1493079960346222,0.13203573435182947,0.1368840959245152,0.14824783683148673
2026-01-04,0.1493079960346222,0.1518180072307586,0.13236798316692483,0.14721155264840088,0.16612139257267156
2026-01-05,0.1518180072307586,0.1506330072879791,0.13941457596332596,0.15051226683432772,0.16477350901430107
2026-01-06,0.1506330072879791,0.1462550014257431,0.1367977741221503,0.14625533825915632,0.16784102873515624
2026-01-07,0.1462550014257431,0.1419949978590011,0.13406492445777501,0.14692118493189316,0.1584731166820005
2026-01-08,0.1419949978590011,0.1404799968004226,0.13071893015296315,0.13917901926361967,0.14727444152041144
2026-01-09,0.1404799968004226,0.1394730061292648,0.1308508361471162,0.13883617827332595,0.14487401320732082
2026-01-10,0.1394730061292648,0.1377370059490203,0.13050307352224855,0.13904403100900728,0.1446625021489727
2026-01-11,0.1377370059490203,0.1365399956703186,0.13050307352224855,0.13900995214502626,0.14508999301234074
2026-01-12,0.1365399956703186,0.1480949968099594,0.13066060323397188,0.13418381089337977,0.14508999301234074
2026-01-13,0.1480949968099594,0.1472229957580566,0.132693116659046,0.1458749010739051,0.1597662649136494
2026-01-14,0.1472229957580566,0.1399949938058853,0.13533003443534586,0.14500554188123663,0.15859286970590186
2026-01-15,0.1399949938058853,0.1380590051412582,0.12923099344721745,0.13832810753912328,0.1449370992273554
2026-01-16,0.1380590051412582,0.1377920061349868,0.1295958697525385,0.1385094656497388,0.14480796174450583
2026-01-17,0.1377920061349868,0.1316590011119842,0.13040622200423624,0.13609398893722013,0.14463706117251884
2026-01-18,0.1316590011119842,0.1290670037269592,0.13023607517673744,0.13381497864370584,0.1448684393708426
2026-01-19,0.1290670037269592,0.1232670024037361,0.12451012063353706,0.12722874473056078,0.1438166238490266
2026-01-20,0.1232670024037361,0.1264799982309341,0.11414643329461524,0.12339174099840577,0.13951146917093
2026-01-21,0.1264799982309341,0.1242069974541664,0.12368731187468922,0.1273611953493263,0.13353265515941726
2026-01-22,0.1242069974541664,0.1246460005640983,0.10867983215900248,0.11649437849356223,0.13207657728574557
2026-01-23,0.1246460005640983,0.1240959987044334,0.11032695908048168,0.11751598761105733,0.13255029259747333
2026-01-24,0.1240959987044334,0.1192990019917488,0.1087424295711918,0.11702714717777828,0.12687953445174086
2026-01-25,0.1192990019917488,0.1222999989986419,0.1085569478716326,0.1167881185973684,0.12547485170091385
2026-01-26,0.1222999989986419,0.126010000705719,0.1087424295711918,0.11825469045299968,0.1260117045903151
2026-01-27,0.126010000705719,0.1248729974031448,0.11667124952216107,0.12039485498292173,0.13386547604671237
2026-01-28,0.1248729974031448,0.1170990020036697,0.11491676194056757,0.11924389536519354,0.13240458543208852
2026-01-29,0.1170990020036697,0.1156629994511604,0.10560307901245941,0.11694254595503309,0.12456949604356944
2026-01-30,0.1156629994511604,0.1040989980101585,0.10575631661632033,0.11597230355920317,0.12476085289407447
2026-01-31,0.1040989980101585,0.1043440029025077,0.09528309017703777,0.10540547195780868,0.10855990702138707
2026-02-01,0.1043440029025077,0.107863999903202,0.09951266216851046,0.10571477880036505,0.10653906858202788
2026-02-02,0.107863999903202,0.1056459993124008,0.09548179669699457,0.10658024114129652,0.11143348888219333
2026-02-03,0.1056459993124008,0.1024455279111862,0.09945006475632114,0.10532831492671157,0.11162107768288615
